nf_numero,nf_item,nf_datahora,nf_timestamp,nf_valor_total,emit_nome,emit_cnpj,emit_bairro,emit_municipio,emit_cep,emit_lat,emit_long,prod_desc,prod_ncm,prod_cfop,prod_quant,prod_unid,prod_valor_unit,prod_valor_total,idx
239474,1,2016-09-27 13:50:15,1474984215,3000.0,halex istar ind farmaceutica s.a.,1571702000198,chacara retiro,goiania,74775027,-16.680882,-49.2532691,"cloreto de sodio 0,9% sf 250 ml(30cx)",30049099,6107,1500.0,und,2.0,3000.0,72194
386681,1,2016-02-24 00:00:00,1456272000,18171.36,glaxosmithkline brasil ltda,33247743003569,curicica,rio de janeiro,22780083,-22.9110137,-43.2093727,volibris 5 mg x 30 tablets,30049099,6108,24.0,und,1576.71,37841.04,46601
244370,1,2016-11-28 09:18:10,1480324690,3825.0,halex istar ind farmaceutica s.a.,1571702000198,chacara retiro,goiania,74775027,-16.680882,-49.2532691,"cloreto de sodio 0,9% sf 500 ml(50cx)",30049099,6107,1500.0,und,2.55,3825.0,72203
244371,1,2016-11-28 09:18:10,1480324690,3825.0,halex istar ind farmaceutica s.a.,1571702000198,chacara retiro,goiania,74775027,-16.680882,-49.2532691,"cloreto de sodio 0,9% sf 500 ml(50cx)",30049099,6107,1500.0,und,2.55,3825.0,72204
244362,1,2016-11-28 09:18:10,1480324690,3945.0,halex istar ind farmaceutica s.a.,1571702000198,chacara retiro,goiania,74775027,-16.680882,-49.2532691,ringer c/lactato sf 500 ml(50cx),30049099,6107,1500.0,und,2.63,3945.0,72087
244037,1,2016-11-23 09:43:19,1479894199,4600.0,halex istar ind farmaceutica s.a.,1571702000198,chacara retiro,goiania,74775027,-16.680882,-49.2532691,"cloreto de sodio 0,9% sf 250 ml(46cx)",30049099,6107,2300.0,und,2.0,4600.0,72216
111268,1,2016-12-05 14:46:00,1480949160,8723.0,industria farmaceutica rioquimica ltda,55643555000305,vila maceno,s.j. rio preto,15060035,-20.7721899,-49.3607544,riogel ant. 740g refil/ cartucho cx c/ 06 unid,30049099,6101,714.0,und,6.71,4790.94,76451
111268,2,2016-12-05 14:46:00,1480949160,8723.0,industria farmaceutica rioquimica ltda,55643555000305,vila maceno,s.j. rio preto,15060035,-20.7721899,-49.3607544,riogel ant. 740g refil/ cartucho cx c/ 06 unid,30049099,6101,582.0,und,6.71,3905.22,76452
244359,1,2016-11-28 09:18:10,1480324690,3945.0,halex istar ind farmaceutica s.a.,1571702000198,chacara retiro,goiania,74775027,-16.680882,-49.2532691,ringer c/lactato sf 500 ml(50cx),30049099,6107,1500.0,und,2.63,3945.0,72233
244372,1,2016-11-28 09:18:10,1480324690,3825.0,halex istar ind farmaceutica s.a.,1571702000198,chacara retiro,goiania,74775027,-16.680882,-49.2532691,"cloreto de sodio 0,9% sf 500 ml(50cx)",30049099,6107,1500.0,und,2.55,3825.0,72234
723888,5,2016-01-08 18:33:31,1452278011,2602.0,comercial cirurgica rioclarense ltda,67729178000491,campo mogiana,pocos de caldas,37701331,-21.7900318,-46.5647928,"varfarina sodica 5mg  l: 2310143 q:      500,0000 f: 01/10/15 v: 30/10/17",30049099,6108,500.0,cp,0.1,50.0,73389
244363,1,2016-11-28 09:18:10,1480324690,3825.0,halex istar ind farmaceutica s.a.,1571702000198,chacara retiro,goiania,74775027,-16.680882,-49.2532691,"cloreto de sodio 0,9% sf 500 ml(50cx)",30049099,6107,1500.0,und,2.55,3825.0,72111
155,26,2016-08-10 00:00:00,1470787200,18291.2,edmael rodrigues de melo,9020529000141,centro,inga,58380000,-8.0333167,-63.8520611,captopril 25mg 1cp,30049099,5403,20000.0,und,0.05,1000.0,65203
14164,1,2016-12-28 11:20:14,1482924014,965.0,prestomedi distr de prod p/saude ltda,10749915000158,linho,erechim,99700000,-27.6350709,-52.2738654,acido tranexamico injetavel 50mg/ml 5ml,30049099,6108,500.0,amp,1.93,965.0,76343
244360,1,2016-11-28 09:18:10,1480324690,3945.0,halex istar ind farmaceutica s.a.,1571702000198,chacara retiro,goiania,74775027,-16.680882,-49.2532691,ringer c/lactato sf 500 ml(50cx),30049099,6107,1500.0,und,2.63,3945.0,72250
7285,1,2016-11-16 16:00:00,1479312000,313785.9,d-hosp distribuidora hospitalar importacao e exportacao ltda,8076127000872,loteamento vila rosa,aparecida de goiania,74935851,-16.8226769,-49.2452546,"revatio 20mg 90 cp principio ativo: sildenafila citrato marca: pfizer lote: 50483519a - 31/12/2017 pmc: 3.037,56",30049099,6108,333.0,cx,1070.8,356574.89,70971
244366,1,2016-11-28 09:18:11,1480324691,3825.0,halex istar ind farmaceutica s.a.,1571702000198,chacara retiro,goiania,74775027,-16.680882,-49.2532691,"cloreto de sodio 0,9% sf 500 ml(50cx)",30049099,6107,1500.0,und,2.55,3825.0,72251
245756,1,2016-12-08 16:49:38,1481215778,13920.0,halex istar ind farmaceutica s.a.,1571702000198,chacara retiro,goiania,74775027,-16.680882,-49.2532691,levofloxacino 5mgml (generico) 100ml(40cx),30049099,6107,2400.0,und,5.8,13920.0,72126
155,41,2016-08-10 00:00:00,1470787200,18291.2,edmael rodrigues de melo,9020529000141,centro,inga,58380000,-8.0333167,-63.8520611,glibenclamida 5mg 1cp,30049099,5403,10000.0,und,0.06,600.0,65218
155,42,2016-08-10 00:00:00,1470787200,18291.2,edmael rodrigues de melo,9020529000141,centro,inga,58380000,-8.0333167,-63.8520611,hidrocloratiazida 25mg 1cp,30049099,5403,10000.0,und,0.05,500.0,65219
244364,1,2016-11-28 09:18:10,1480324690,3825.0,halex istar ind farmaceutica s.a.,1571702000198,chacara retiro,goiania,74775027,-16.680882,-49.2532691,"cloreto de sodio 0,9% sf 500 ml(50cx)",30049099,6107,1500.0,und,2.55,3825.0,72132
74895,1,2016-03-04 11:30:00,1457091000,3400.0,elfa medicamentos ltda,9053134000145,aguas claras,brasilia,71991360,-10.3333333,-53.2,survanta c/01 f/a 4ml lote: 45447ez val: 28/02/16,30049099,2202,5.0,cx,680.0,3400.0,63304
244361,1,2016-11-28 09:18:10,1480324690,3945.0,halex istar ind farmaceutica s.a.,1571702000198,chacara retiro,goiania,74775027,-16.680882,-49.2532691,ringer c/lactato sf 500 ml(50cx),30049099,6107,1500.0,und,2.63,3945.0,72270
245752,1,2016-12-08 16:49:38,1481215778,5800.0,halex istar ind farmaceutica s.a.,1571702000198,chacara retiro,goiania,74775027,-16.680882,-49.2532691,levofloxacino 5mgml (generico) 100ml(17cx),30049099,6107,1000.0,und,5.8,5800.0,72148
244365,1,2016-11-28 09:18:10,1480324690,3825.0,halex istar ind farmaceutica s.a.,1571702000198,chacara retiro,goiania,74775027,-16.680882,-49.2532691,"cloreto de sodio 0,9% sf 500 ml(50cx)",30049099,6107,1500.0,und,2.55,3825.0,72152
54233,1,2016-05-10 14:21:46,1462890106,50000.0,solumed distr. med prod saude ltda,11896538000142,sao joao batist,santa luzia,33030020,-19.7702097,-43.8505291,"diosmina 450mg, hesperidina 50mg  l: b15k2016 q:   49.700,0000 f: 01/10/15 v: 31/10/18 l: b15k0780 q:  150.300,0000 f: 0",30049099,6108,200000.0,cp,0.25,50000.0,62178
17,9,2016-04-08 14:55:00,1460127300,12118.57,leandro alves pereira -me,13444642000121,centro,santa cruz,58824000,-29.7141869,-52.4285914,gardenal 100mg,30049099,5405,32.0,cx,6.75,216.0,72292
17,12,2016-04-08 14:55:00,1460127300,12118.57,leandro alves pereira -me,13444642000121,centro,santa cruz,58824000,-29.7141869,-52.4285914,lepicol 100mg,30049099,5405,2.0,cx,132.79,265.58,72294
46946,18,2016-08-22 16:32:55,1471883575,13751.98,acacia comercio de medicamentos ltda,3945035000191,vila isabel,varginha,37026100,-21.5565914,-45.4340674,agua p/injecao 10ml cx c/200 amp- isofarma- fab.:isofarma,30049099,6108,2498.0,amp,0.16,399.68,71789
244367,1,2016-11-28 09:18:10,1480324690,3825.0,halex istar ind farmaceutica s.a.,1571702000198,chacara retiro,goiania,74775027,-16.680882,-49.2532691,"cloreto de sodio 0,9% sf 500 ml(50cx)",30049099,6107,1500.0,und,2.55,3825.0,72174
245753,1,2016-12-08 16:49:38,1481215778,11600.0,halex istar ind farmaceutica s.a.,1571702000198,chacara retiro,goiania,74775027,-16.680882,-49.2532691,levofloxacino 5mgml (generico) 100ml(34cx),30049099,6107,2000.0,und,5.8,11600.0,72187
244368,1,2016-11-28 09:18:10,1480324690,3825.0,halex istar ind farmaceutica s.a.,1571702000198,chacara retiro,goiania,74775027,-16.680882,-49.2532691,"cloreto de sodio 0,9% sf 500 ml(50cx)",30049099,6107,1500.0,und,2.55,3825.0,72190
244369,1,2016-11-28 09:18:10,1480324690,3825.0,halex istar ind farmaceutica s.a.,1571702000198,chacara retiro,goiania,74775027,-16.680882,-49.2532691,"cloreto de sodio 0,9% sf 500 ml(50cx)",30049099,6107,1500.0,und,2.55,3825.0,72191
