nf_numero,nf_item,nf_datahora,nf_timestamp,nf_valor_total,emit_nome,emit_cnpj,emit_bairro,emit_municipio,emit_cep,emit_lat,emit_long,prod_desc,prod_ncm,prod_cfop,prod_quant,prod_unid,prod_valor_unit,prod_valor_total,idx
54233,1,2016-05-10 14:21:46,1462890106,50000.0,solumed distr. med prod saude ltda,11896538000142,sao joao batist,santa luzia,33030020,-19.7702097,-43.8505291,"diosmina 450mg, hesperidina 50mg  l: b15k2016 q:   49.700,0000 f: 01/10/15 v: 31/10/18 l: b15k0780 q:  150.300,0000 f: 0",30049099,6108,200000.0,cp,0.25,50000.0,62178
155,42,2016-08-10 00:00:00,1470787200,18291.2,edmael rodrigues de melo,9020529000141,centro,inga,58380000,-8.0333167,-63.8520611,hidrocloratiazida 25mg 1cp,30049099,5403,10000.0,und,0.05,500.0,65219
17,9,2016-04-08 14:55:00,1460127300,12118.57,leandro alves pereira -me,13444642000121,centro,santa cruz,58824000,-29.7141869,-52.4285914,gardenal 100mg,30049099,5405,32.0,cx,6.75,216.0,72292
155,41,2016-08-10 00:00:00,1470787200,18291.2,edmael rodrigues de melo,9020529000141,centro,inga,58380000,-8.0333167,-63.8520611,glibenclamida 5mg 1cp,30049099,5403,10000.0,und,0.06,600.0,65218
386681,1,2016-02-24 00:00:00,1456272000,18171.36,glaxosmithkline brasil ltda,33247743003569,curicica,rio de janeiro,22780083,-22.9110137,-43.2093727,volibris 5 mg x 30 tablets,30049099,6108,24.0,und,1576.71,37841.04,46601
155,26,2016-08-10 00:00:00,1470787200,18291.2,edmael rodrigues de melo,9020529000141,centro,inga,58380000,-8.0333167,-63.8520611,captopril 25mg 1cp,30049099,5403,20000.0,und,0.05,1000.0,65203
14164,1,2016-12-28 11:20:14,1482924014,965.0,prestomedi distr de prod p/saude ltda,10749915000158,linho,erechim,99700000,-27.6350709,-52.2738654,acido tranexamico injetavel 50mg/ml 5ml,30049099,6108,500.0,amp,1.93,965.0,76343
7285,1,2016-11-16 16:00:00,1479312000,313785.9,d-hosp distribuidora hospitalar importacao e exportacao ltda,8076127000872,loteamento vila rosa,aparecida de goiania,74935851,-16.8226769,-49.2452546,"revatio 20mg 90 cp principio ativo: sildenafila citrato marca: pfizer lote: 50483519a - 31/12/2017 pmc: 3.037,56",30049099,6108,333.0,cx,1070.8,356574.89,70971
